SampleID,Location,DateTime,DayOfWeek,Temperature,Moisture,Viable counts
GRO_20240320,Groningen,20/03/2024,Wednesday,54.5,70,152
UTR_20240324,Utrecht,24/03/2024,Sunday,65.7,77.5,141
ROT_20240213,Rotterdam,13/02/2024,Tuesday,57.1,63.9,143
ROT_20240218,Rotterdam,18/02/2024,Sunday,55.5,61.6,144
MAA_20240317,Maastricht,17/03/2024,Sunday,55.8,76.8,155
ROT_20230823,Rotterdam,23/08/2023,Wednesday,55.7,59.9,141
ROT_20231119,Rotterdam,19/11/2023,Sunday,56.6,60.8,141
ROT_20230915,Rotterdam,15/09/2023,Friday,57,65.5,116
MAA_20231226,Maastricht,26/12/2023,Tuesday,56.1,70.6,150
AMS_20230417,Amsterdam,17/04/2023,Monday,58.6,74,149
AMS_20240125,Amsterdam,25/01/2024,Thursday,56.4,75.5,154
MAA_20240303,Maastricht,03/03/2024,Sunday,59.4,70.5,145
ROT_20231114,Rotterdam,14/11/2023,Tuesday,56.1,60.7,143
AMS_20231021,Amsterdam,21/10/2023,Saturday,57.9,75.3,151
AMS_20231203,Amsterdam,03/12/2023,Sunday,54.3,72.2,154
GRO_20240112,Groningen,12/01/2024,Friday,52.5,71.4,125
GRO_20230913,Groningen,13/09/2023,Wednesday,53.2,69,154
ROT_20230522,Rotterdam,22/05/2023,Monday,55.3,62.1,145
AMS_20231121,Amsterdam,21/11/2023,Tuesday,54.9,75.9,156
MAA_20230516,Maastricht,16/05/2023,Tuesday,56.8,71,149
UTR_20230826,Utrecht,26/08/2023,Saturday,71.8,73.9,130
GRO_20240128,Groningen,28/01/2024,Sunday,55.3,67.6,150
ROT_20230927,Rotterdam,27/09/2023,Wednesday,56.6,63.1,143
GRO_20230617,Groningen,17/06/2023,Saturday,58.1,67.2,145
GRO_20230428,Groningen,28/04/2023,Friday,58.2,68.4,117
ROT_20230713,Rotterdam,13/07/2023,Thursday,55.4,64.1,146
GRO_20230615,Groningen,15/06/2023,Thursday,49.2,71.6,162
ROT_20230520,Rotterdam,20/05/2023,Saturday,52.7,63,150
GRO_20231116,Groningen,16/11/2023,Thursday,55.9,70.5,151
GRO_20230419,Groningen,19/04/2023,Wednesday,55.1,70.8,152
ROT_20230603,Rotterdam,03/06/2023,Saturday,56.9,62,143
GRO_20231204,Groningen,04/12/2023,Monday,54.9,70.3,153
ROT_20231004,Rotterdam,04/10/2023,Wednesday,55.5,64.8,147
GRO_20230807,Groningen,07/08/2023,Monday,50.8,71.5,159
AMS_20231117,Amsterdam,17/11/2023,Friday,55.8,76,124
GRO_20230602,Groningen,02/06/2023,Friday,54.5,71.9,124
AMS_20230901,Amsterdam,01/09/2023,Friday,58.1,73.3,120
GRO_20231112,Groningen,12/11/2023,Sunday,53.5,66.4,151
ROT_20240123,Rotterdam,23/01/2024,Tuesday,56.7,60.5,141
AMS_20231112,Amsterdam,12/11/2023,Sunday,61.5,76.6,148
AMS_20230413,Amsterdam,13/04/2023,Thursday,55.3,75.1,155
MAA_20231020,Maastricht,20/10/2023,Friday,58.1,74.5,120
GRO_20240325,Groningen,25/03/2024,Monday,56.9,69.2,149
UTR_20230414,Utrecht,14/04/2023,Friday,67.3,75.3,110
ROT_20231001,Rotterdam,01/10/2023,Sunday,57.4,61.6,141
AMS_20231031,Amsterdam,31/10/2023,Tuesday,61.3,74.2,145
UTR_20230625,Utrecht,25/06/2023,Sunday,67.5,77.4,139
AMS_20230908,Amsterdam,08/09/2023,Friday,54.8,75.1,124
MAA_20230701,Maastricht,01/07/2023,Saturday,57.1,70,148
AMS_20231025,Amsterdam,25/10/2023,Wednesday,60.7,77.9,149
AMS_20240205,Amsterdam,05/02/2024,Monday,55.1,70.3,152
MAA_20231220,Maastricht,20/12/2023,Wednesday,54,71.1,155
AMS_20230501,Amsterdam,01/05/2023,Monday,56.6,74.1,152
UTR_20230917,Utrecht,17/09/2023,Sunday,65.8,77,141
ROT_20230429,Rotterdam,29/04/2023,Saturday,54.8,62.4,145
GRO_20231211,Groningen,11/12/2023,Monday,52.3,66.3,153
UTR_20230624,Utrecht,24/06/2023,Saturday,70.1,77.2,135
MAA_20240224,Maastricht,24/02/2024,Saturday,55,71.1,152
ROT_20240211,Rotterdam,11/02/2024,Sunday,56.1,59.5,141
AMS_20231210,Amsterdam,10/12/2023,Sunday,58.2,79.8,154
ROT_20240302,Rotterdam,02/03/2024,Saturday,54.7,63.7,147
ROT_20230506,Rotterdam,06/05/2023,Saturday,54.2,60.8,145
ROT_20240301,Rotterdam,01/03/2024,Friday,55.6,61.9,115
ROT_20231010,Rotterdam,10/10/2023,Tuesday,56.7,60.4,141
GRO_20240302,Groningen,02/03/2024,Saturday,56.7,69.8,149
GRO_20231123,Groningen,23/11/2023,Thursday,54.4,69.9,153
GRO_20240304,Groningen,04/03/2024,Monday,53.3,66.5,151
ROT_20240101,Rotterdam,01/01/2024,Monday,54.3,63.2,147
MAA_20230719,Maastricht,19/07/2023,Wednesday,56.8,73.6,151
ROT_20230430,Rotterdam,30/04/2023,Sunday,55.5,62.9,144
GRO_20230712,Groningen,12/07/2023,Wednesday,56.9,71,149
GRO_20231229,Groningen,29/12/2023,Friday,58.5,71,117
GRO_20240303,Groningen,03/03/2024,Sunday,56.2,71.9,151
MAA_20231001,Maastricht,01/10/2023,Sunday,56.1,71.1,151
ROT_20230807,Rotterdam,07/08/2023,Monday,59.2,61.1,139
AMS_20230508,Amsterdam,08/05/2023,Monday,62.9,74.3,143
AMS_20231202,Amsterdam,02/12/2023,Saturday,60,78.1,151
UTR_20230705,Utrecht,05/07/2023,Wednesday,72.9,73.2,128
ROT_20240102,Rotterdam,02/01/2024,Tuesday,56.5,67.5,146
UTR_20230808,Utrecht,08/08/2023,Tuesday,65.5,74.5,139
MAA_20230609,Maastricht,09/06/2023,Friday,59.6,68.2,115
MAA_20231205,Maastricht,05/12/2023,Tuesday,57.4,75.6,153
UTR_20230925,Utrecht,25/09/2023,Monday,71.7,76.5,132
UTR_20230525,Utrecht,25/05/2023,Thursday,69.7,74.6,133
MAA_20231230,Maastricht,30/12/2023,Saturday,56.5,72.6,152
UTR_20240223,Utrecht,23/02/2024,Friday,74.5,74.5,100
ROT_20230830,Rotterdam,30/08/2023,Wednesday,59.7,61.7,138
ROT_20231223,Rotterdam,23/12/2023,Saturday,57.5,62,142
UTR_20230410,Utrecht,10/04/2023,Monday,71.4,75.7,131
AMS_20240229,Amsterdam,29/02/2024,Thursday,59.4,75.5,150
GRO_20230605,Groningen,05/06/2023,Monday,53.2,70.1,153
GRO_20240102,Groningen,02/01/2024,Tuesday,56.4,71.3,151
UTR_20230827,Utrecht,27/08/2023,Sunday,71,77.8,133
UTR_20231214,Utrecht,14/12/2023,Thursday,70.4,76.2,134
GRO_20231225,Groningen,25/12/2023,Monday,53.9,67.6,152
GRO_20230811,Groningen,11/08/2023,Friday,56.4,66.2,117
AMS_20240118,Amsterdam,18/01/2024,Thursday,58,77.1,154
UTR_20230709,Utrecht,09/07/2023,Sunday,68.3,81.6,141
UTR_20230701,Utrecht,01/07/2023,Saturday,73.4,79.7,131
AMS_20231222,Amsterdam,22/12/2023,Friday,59.4,74.8,119
GRO_20230923,Groningen,23/09/2023,Saturday,52.1,71.2,157
MAA_20230914,Maastricht,14/09/2023,Thursday,58.6,70.6,147
MAA_20231002,Maastricht,02/10/2023,Monday,56.6,71.9,150
ROT_20230729,Rotterdam,29/07/2023,Saturday,56.3,60.5,142
ROT_20230914,Rotterdam,14/09/2023,Thursday,55.1,61.3,144
AMS_20230406,Amsterdam,06/04/2023,Thursday,58.6,72.9,148
ROT_20231127,Rotterdam,27/11/2023,Monday,57.6,60,140
MAA_20240312,Maastricht,12/03/2024,Tuesday,55.9,68.6,149
GRO_20230725,Groningen,25/07/2023,Tuesday,56.3,67.5,148
UTR_20240219,Utrecht,19/02/2024,Monday,71.9,76.8,131
AMS_20231213,Amsterdam,13/12/2023,Wednesday,59.4,73.6,148
MAA_20230813,Maastricht,13/08/2023,Sunday,52.7,74.7,159
AMS_20231006,Amsterdam,06/10/2023,Friday,53.9,72.7,123
ROT_20230402,Rotterdam,02/04/2023,Sunday,55.5,66,148
MAA_20230819,Maastricht,19/08/2023,Saturday,55.3,68.6,150
MAA_20230428,Maastricht,28/04/2023,Friday,56.9,72.5,121
MAA_20231119,Maastricht,19/11/2023,Sunday,55.7,71.7,152
AMS_20240112,Amsterdam,12/01/2024,Friday,58.4,71.7,119
AMS_20231001,Amsterdam,01/10/2023,Sunday,57.7,77.1,153
GRO_20230613,Groningen,13/06/2023,Tuesday,56.6,68.6,147
GRO_20240228,Groningen,28/02/2024,Wednesday,56.6,68.6,148
GRO_20230623,Groningen,23/06/2023,Friday,53.9,71.4,123
MAA_20240319,Maastricht,19/03/2024,Tuesday,53.5,71.5,154
ROT_20230604,Rotterdam,04/06/2023,Sunday,56.1,62.8,144
ROT_20230728,Rotterdam,28/07/2023,Friday,58.1,61.9,112
MAA_20240202,Maastricht,02/02/2024,Friday,55.8,73.6,122
GRO_20231119,Groningen,19/11/2023,Sunday,53.9,75.1,157
ROT_20240322,Rotterdam,22/03/2024,Friday,57,60.5,114
GRO_20230629,Groningen,29/06/2023,Thursday,53.7,72.9,155
AMS_20231002,Amsterdam,02/10/2023,Monday,58.7,73.9,149
MAA_20240211,Maastricht,11/02/2024,Sunday,55.2,74.6,155
ROT_20231112,Rotterdam,12/11/2023,Sunday,53.9,62.1,146
UTR_20240320,Utrecht,20/03/2024,Wednesday,69.5,74,133
ROT_20230718,Rotterdam,18/07/2023,Tuesday,56.2,62.8,144
ROT_20230919,Rotterdam,19/09/2023,Tuesday,55.9,64.5,146
UTR_20240228,Utrecht,28/02/2024,Wednesday,71.6,77.5,133
MAA_20240307,Maastricht,07/03/2024,Thursday,57.9,71.3,147
ROT_20230526,Rotterdam,26/05/2023,Friday,58.9,63.4,112
AMS_20231109,Amsterdam,09/11/2023,Thursday,52.7,76.9,161
AMS_20240326,Amsterdam,26/03/2024,Tuesday,57.4,78.9,155
UTR_20230402,Utrecht,02/04/2023,Sunday,71.2,77.5,133
ROT_20230416,Rotterdam,16/04/2023,Sunday,54.7,57.9,142
GRO_20231029,Groningen,29/10/2023,Sunday,54.8,72.2,153
ROT_20240326,Rotterdam,26/03/2024,Tuesday,59.8,59.4,136
UTR_20240326,Utrecht,26/03/2024,Tuesday,68.7,75.1,136
MAA_20231018,Maastricht,18/10/2023,Wednesday,57.4,74.7,151
UTR_20230528,Utrecht,28/05/2023,Sunday,70.5,73.8,131
UTR_20231220,Utrecht,20/12/2023,Wednesday,67.5,76.4,138
GRO_20231107,Groningen,07/11/2023,Tuesday,55.3,70.2,151
UTR_20231016,Utrecht,16/10/2023,Monday,70.7,73.7,131
MAA_20230815,Maastricht,15/08/2023,Tuesday,56.8,74.6,153
AMS_20230602,Amsterdam,02/06/2023,Friday,56.3,71.7,121
MAA_20230508,Maastricht,08/05/2023,Monday,57.9,73.5,149
AMS_20230914,Amsterdam,14/09/2023,Thursday,59.8,78.5,150
MAA_20230610,Maastricht,10/06/2023,Saturday,52,70.7,157
GRO_20230610,Groningen,10/06/2023,Saturday,55.6,72.5,152
UTR_20230621,Utrecht,21/06/2023,Wednesday,68.3,75.6,136
ROT_20240318,Rotterdam,18/03/2024,Monday,57.2,63.2,143
MAA_20230725,Maastricht,25/07/2023,Tuesday,57,68.5,147
ROT_20230911,Rotterdam,11/09/2023,Monday,52,60.2,148
AMS_20231101,Amsterdam,01/11/2023,Wednesday,57.5,74.2,150
MAA_20230714,Maastricht,14/07/2023,Friday,57.1,76.4,122
GRO_20231223,Groningen,23/12/2023,Saturday,54.5,70.8,153
ROT_20230408,Rotterdam,08/04/2023,Saturday,57.3,60.7,141
ROT_20230608,Rotterdam,08/06/2023,Thursday,57.7,62.2,142
AMS_20240208,Amsterdam,08/02/2024,Thursday,59.7,76,149
MAA_20240320,Maastricht,20/03/2024,Wednesday,57.3,74.6,152
AMS_20230420,Amsterdam,20/04/2023,Thursday,59.9,73.8,147
GRO_20240203,Groningen,03/02/2024,Saturday,54.2,71.5,153
UTR_20231028,Utrecht,28/10/2023,Saturday,74.4,75.4,127
AMS_20240324,Amsterdam,24/03/2024,Sunday,54.9,73.9,156
AMS_20230822,Amsterdam,22/08/2023,Tuesday,53.9,74.2,157
MAA_20231218,Maastricht,18/12/2023,Monday,59.5,70.6,146
UTR_20231125,Utrecht,25/11/2023,Saturday,69.6,75.6,134
GRO_20230508,Groningen,08/05/2023,Monday,57.2,67.2,146
ROT_20230624,Rotterdam,24/06/2023,Saturday,57.5,59.3,139
AMS_20230421,Amsterdam,21/04/2023,Friday,55.8,72.3,122
ROT_20240208,Rotterdam,08/02/2024,Thursday,55.1,64.5,147
MAA_20231112,Maastricht,12/11/2023,Sunday,58.1,71.5,149
UTR_20230723,Utrecht,23/07/2023,Sunday,68.8,77.8,138
ROT_20230420,Rotterdam,20/04/2023,Thursday,53.9,58.9,145
UTR_20230803,Utrecht,03/08/2023,Thursday,70.7,76.5,133
UTR_20230509,Utrecht,09/05/2023,Tuesday,70.9,79.1,135
AMS_20231105,Amsterdam,05/11/2023,Sunday,58,74.7,151
MAA_20230919,Maastricht,19/09/2023,Tuesday,55.7,75,154
MAA_20231110,Maastricht,10/11/2023,Friday,59.7,75.9,121
ROT_20240327,Rotterdam,27/03/2024,Wednesday,55.9,63.4,144
MAA_20240304,Maastricht,04/03/2024,Monday,59.1,71.4,147
MAA_20240108,Maastricht,08/01/2024,Monday,56,71.3,151
GRO_20231005,Groningen,05/10/2023,Thursday,52.1,72.8,158
GRO_20230404,Groningen,04/04/2023,Tuesday,56.8,68.2,147
ROT_20230726,Rotterdam,26/07/2023,Wednesday,61.9,63.3,135
MAA_20230509,Maastricht,09/05/2023,Tuesday,59.1,73.1,149
UTR_20230505,Utrecht,05/05/2023,Friday,69.3,79.3,110
ROT_20231105,Rotterdam,05/11/2023,Sunday,59.4,65.5,142
MAA_20230921,Maastricht,21/09/2023,Thursday,56.6,71.6,151
MAA_20230511,Maastricht,11/05/2023,Thursday,59.7,73.7,147
UTR_20230907,Utrecht,07/09/2023,Thursday,70.6,76.6,133
ROT_20240227,Rotterdam,27/02/2024,Tuesday,54.9,60.5,145
AMS_20231116,Amsterdam,16/11/2023,Thursday,58.9,74,149
ROT_20230825,Rotterdam,25/08/2023,Friday,55.8,61,115
MAA_20230904,Maastricht,04/09/2023,Monday,56.8,72.3,150
AMS_20230411,Amsterdam,11/04/2023,Tuesday,58,72.6,150
ROT_20230615,Rotterdam,15/06/2023,Thursday,59.8,64.7,140
UTR_20231018,Utrecht,18/10/2023,Wednesday,71.8,74.6,130
AMS_20240127,Amsterdam,27/01/2024,Saturday,58.1,72,149
MAA_20230504,Maastricht,04/05/2023,Thursday,55.6,71.8,153
AMS_20240314,Amsterdam,14/03/2024,Thursday,59.3,71.6,147
UTR_20230415,Utrecht,15/04/2023,Saturday,69.7,78.7,136
UTR_20240212,Utrecht,12/02/2024,Monday,70.6,74.5,132
MAA_20230723,Maastricht,23/07/2023,Sunday,57.8,73.7,150
UTR_20230704,Utrecht,04/07/2023,Tuesday,69.9,74.3,132
AMS_20230422,Amsterdam,22/04/2023,Saturday,60.7,74.6,147
UTR_20230715,Utrecht,15/07/2023,Saturday,69.3,77.6,136
UTR_20230923,Utrecht,23/09/2023,Saturday,68.2,79.7,139
MAA_20230905,Maastricht,05/09/2023,Tuesday,54.9,70.3,152
ROT_20231103,Rotterdam,03/11/2023,Friday,53.1,63.2,120
UTR_20230812,Utrecht,12/08/2023,Saturday,65.6,77.5,142
GRO_20231126,Groningen,26/11/2023,Sunday,56.6,70.8,150
UTR_20240315,Utrecht,15/03/2024,Friday,70.3,73.9,105
GRO_20230514,Groningen,14/05/2023,Sunday,53.7,70.7,154
UTR_20230711,Utrecht,11/07/2023,Tuesday,71.1,76.8,133
UTR_20240115,Utrecht,15/01/2024,Monday,73.6,77.3,130
ROT_20230920,Rotterdam,20/09/2023,Wednesday,53.8,64.1,148
ROT_20230531,Rotterdam,31/05/2023,Wednesday,54.1,58.5,144
GRO_20230403,Groningen,03/04/2023,Monday,57.6,67.8,146
MAA_20240220,Maastricht,20/02/2024,Tuesday,56.1,73,153
AMS_20231215,Amsterdam,15/12/2023,Friday,56.5,74.2,122
UTR_20240123,Utrecht,23/01/2024,Tuesday,71.1,74.3,131
MAA_20230824,Maastricht,24/08/2023,Thursday,52.6,73,158
AMS_20230423,Amsterdam,23/04/2023,Sunday,58.7,73.4,149
ROT_20230424,Rotterdam,24/04/2023,Monday,55.2,61.7,144
GRO_20230823,Groningen,23/08/2023,Wednesday,50.5,68.9,157
AMS_20230518,Amsterdam,18/05/2023,Thursday,58.4,75.2,151
AMS_20231018,Amsterdam,18/10/2023,Wednesday,59.7,77.4,151
AMS_20230507,Amsterdam,07/05/2023,Sunday,54.2,74.7,157
ROT_20231115,Rotterdam,15/11/2023,Wednesday,59.4,58.5,136
ROT_20230901,Rotterdam,01/09/2023,Friday,58.2,61.7,112
UTR_20230614,Utrecht,14/06/2023,Wednesday,71.1,73.7,130
GRO_20240125,Groningen,25/01/2024,Thursday,57.4,68.4,147
ROT_20230803,Rotterdam,03/08/2023,Thursday,57.6,60.4,140
GRO_20230614,Groningen,14/06/2023,Wednesday,55.9,67.6,147
AMS_20230926,Amsterdam,26/09/2023,Tuesday,56.3,74,153
GRO_20231213,Groningen,13/12/2023,Wednesday,54.5,70.7,153
UTR_20240316,Utrecht,16/03/2024,Saturday,72.3,78.6,132
MAA_20230425,Maastricht,25/04/2023,Tuesday,59.1,74.8,149
GRO_20230716,Groningen,16/07/2023,Sunday,52.8,71,156
GRO_20231202,Groningen,02/12/2023,Saturday,55.5,74.6,154
UTR_20240121,Utrecht,21/01/2024,Sunday,70.8,74,132
GRO_20240401,Groningen,01/04/2024,Monday,56.2,70.5,151
MAA_20230917,Maastricht,17/09/2023,Sunday,56.2,70.3,150
MAA_20240223,Maastricht,23/02/2024,Friday,53.9,70.5,123
AMS_20230701,Amsterdam,01/07/2023,Saturday,58.9,75.1,149
AMS_20240119,Amsterdam,19/01/2024,Friday,56.9,73.7,122
ROT_20230405,Rotterdam,05/04/2023,Wednesday,56.6,62.6,144
MAA_20231217,Maastricht,17/12/2023,Sunday,59.8,72.4,146
ROT_20230904,Rotterdam,04/09/2023,Monday,54,63.1,147
AMS_20240214,Amsterdam,14/02/2024,Wednesday,58.9,76,151
UTR_20230524,Utrecht,24/05/2023,Wednesday,66.6,73.5,138
AMS_20231008,Amsterdam,08/10/2023,Sunday,58.6,74.3,150
AMS_20230929,Amsterdam,29/09/2023,Friday,56.4,75.9,123
ROT_20230617,Rotterdam,17/06/2023,Saturday,55.5,61.6,144
UTR_20231024,Utrecht,24/10/2023,Tuesday,72.5,75.6,130
AMS_20240316,Amsterdam,16/03/2024,Saturday,59,75.2,149
GRO_20230903,Groningen,03/09/2023,Sunday,56.8,72,151
GRO_20231102,Groningen,02/11/2023,Thursday,54,69.4,153
AMS_20230506,Amsterdam,06/05/2023,Saturday,58.3,75.2,151
ROT_20230727,Rotterdam,27/07/2023,Thursday,58.2,63,142
UTR_20231219,Utrecht,19/12/2023,Tuesday,68.1,75.9,137
MAA_20230907,Maastricht,07/09/2023,Thursday,57.4,75.2,152
MAA_20230622,Maastricht,22/06/2023,Thursday,57.2,72.4,149
UTR_20231130,Utrecht,30/11/2023,Thursday,69.5,72.4,131
ROT_20240109,Rotterdam,09/01/2024,Tuesday,55.5,65,146
AMS_20231016,Amsterdam,16/10/2023,Monday,57.5,72.8,150
AMS_20240307,Amsterdam,07/03/2024,Thursday,58.9,74.8,150
MAA_20230923,Maastricht,23/09/2023,Saturday,59.5,73.4,147
AMS_20230612,Amsterdam,12/06/2023,Monday,57,74.9,154
UTR_20240301,Utrecht,01/03/2024,Friday,73,77.2,105
UTR_20240308,Utrecht,08/03/2024,Friday,67.4,76.1,111
ROT_20240216,Rotterdam,16/02/2024,Friday,59.6,64.1,112
ROT_20230401,Rotterdam,01/04/2023,Saturday,54.6,63.4,146
ROT_20240103,Rotterdam,03/01/2024,Wednesday,57.2,63.2,143
AMS_20231207,Amsterdam,07/12/2023,Thursday,56,76.8,155
AMS_20240227,Amsterdam,27/02/2024,Tuesday,56.9,75.9,154
GRO_20230920,Groningen,20/09/2023,Wednesday,57.1,65.6,146
AMS_20231010,Amsterdam,10/10/2023,Tuesday,55,77,157
AMS_20240310,Amsterdam,10/03/2024,Sunday,57,77.9,154
MAA_20240209,Maastricht,09/02/2024,Friday,54.8,73.1,124
UTR_20231221,Utrecht,21/12/2023,Thursday,66.2,74,138
ROT_20240314,Rotterdam,14/03/2024,Thursday,53.4,61.9,148
ROT_20231029,Rotterdam,29/10/2023,Sunday,58.6,65.6,143
AMS_20230921,Amsterdam,21/09/2023,Thursday,59.1,73.4,148
GRO_20230528,Groningen,28/05/2023,Sunday,57.3,72,150
MAA_20231214,Maastricht,14/12/2023,Thursday,60.4,68.8,143
UTR_20240309,Utrecht,09/03/2024,Saturday,67.5,76.1,138
GRO_20230417,Groningen,17/04/2023,Monday,56.6,72.3,151
UTR_20230724,Utrecht,24/07/2023,Monday,66.8,72,136
MAA_20231113,Maastricht,13/11/2023,Monday,55.5,69.3,150
GRO_20231019,Groningen,19/10/2023,Thursday,59,70.3,146
ROT_20231126,Rotterdam,26/11/2023,Sunday,56.3,60.9,142
GRO_20230516,Groningen,16/05/2023,Tuesday,54.4,72.8,155
AMS_20231027,Amsterdam,27/10/2023,Friday,60.2,71.3,116
UTR_20230716,Utrecht,16/07/2023,Sunday,70.8,76.9,134
ROT_20231021,Rotterdam,21/10/2023,Saturday,55.7,62,144
GRO_20230427,Groningen,27/04/2023,Thursday,53.7,69.1,153
ROT_20230501,Rotterdam,01/05/2023,Monday,57.6,62.2,142
UTR_20240118,Utrecht,18/01/2024,Thursday,69.6,76.3,135
AMS_20230916,Amsterdam,16/09/2023,Saturday,56.8,73,151
ROT_20230629,Rotterdam,29/06/2023,Thursday,54,59,145
MAA_20230820,Maastricht,20/08/2023,Sunday,58.6,72.4,148
MAA_20230411,Maastricht,11/04/2023,Tuesday,56.5,70.6,150
ROT_20230524,Rotterdam,24/05/2023,Wednesday,57.1,59.4,140
MAA_20230604,Maastricht,04/06/2023,Sunday,57.1,71.6,149
AMS_20240330,Amsterdam,30/03/2024,Saturday,59.5,74.6,149
MAA_20230426,Maastricht,26/04/2023,Wednesday,55.4,72.8,154
GRO_20231023,Groningen,23/10/2023,Monday,54.9,67.5,150
UTR_20231004,Utrecht,04/10/2023,Wednesday,69.9,76.6,134
AMS_20240306,Amsterdam,06/03/2024,Wednesday,57.9,79,155
ROT_20240221,Rotterdam,21/02/2024,Wednesday,52.1,61.1,148
GRO_20230925,Groningen,25/09/2023,Monday,57,68.5,147
ROT_20230929,Rotterdam,29/09/2023,Friday,59.1,67.4,115
AMS_20240117,Amsterdam,17/01/2024,Wednesday,61.6,73.7,145
MAA_20231126,Maastricht,26/11/2023,Sunday,60.2,74.2,148
ROT_20230626,Rotterdam,26/06/2023,Monday,54.8,64.6,147
UTR_20230905,Utrecht,05/09/2023,Tuesday,69.4,77.1,135
AMS_20230601,Amsterdam,01/06/2023,Thursday,59.4,75.7,149
GRO_20240326,Groningen,26/03/2024,Tuesday,55.7,67.5,148
ROT_20230521,Rotterdam,21/05/2023,Sunday,54.3,65.6,149
ROT_20240130,Rotterdam,30/01/2024,Tuesday,52.7,63.5,149
AMS_20230614,Amsterdam,14/06/2023,Wednesday,57,76.9,154
AMS_20230712,Amsterdam,12/07/2023,Wednesday,59.1,74.3,149
MAA_20230417,Maastricht,17/04/2023,Monday,55,70.3,151
ROT_20230610,Rotterdam,10/06/2023,Saturday,54.1,60.1,145
MAA_20230403,Maastricht,03/04/2023,Monday,55,74.9,157
UTR_20240122,Utrecht,22/01/2024,Monday,72.1,76.9,131
UTR_20230604,Utrecht,04/06/2023,Sunday,68.5,76.1,136
ROT_20230706,Rotterdam,06/07/2023,Thursday,57,61.5,142
MAA_20231127,Maastricht,27/11/2023,Monday,54.2,70.3,152
GRO_20230531,Groningen,31/05/2023,Wednesday,54.9,70.3,152
ROT_20230516,Rotterdam,16/05/2023,Tuesday,56,61.8,143
ROT_20231220,Rotterdam,20/12/2023,Wednesday,56.5,61.5,142
GRO_20230411,Groningen,11/04/2023,Tuesday,51,68.5,156
UTR_20230510,Utrecht,10/05/2023,Wednesday,71.3,73.5,130
ROT_20240105,Rotterdam,05/01/2024,Friday,57.3,61.5,113
UTR_20240207,Utrecht,07/02/2024,Wednesday,70.8,76.7,133
MAA_20230806,Maastricht,06/08/2023,Sunday,59.4,74.8,149
MAA_20240113,Maastricht,13/01/2024,Saturday,56,70.7,150
ROT_20231202,Rotterdam,02/12/2023,Saturday,56.5,58.5,140
UTR_20230530,Utrecht,30/05/2023,Tuesday,68.5,75.3,135
UTR_20240111,Utrecht,11/01/2024,Thursday,68.9,72.7,133
UTR_20230618,Utrecht,18/06/2023,Sunday,67.4,77.1,138
ROT_20231013,Rotterdam,13/10/2023,Friday,57.9,61.3,112
UTR_20230720,Utrecht,20/07/2023,Thursday,67.5,75.8,137
UTR_20240218,Utrecht,18/02/2024,Sunday,69,77.7,137
UTR_20230612,Utrecht,12/06/2023,Monday,66.9,76.7,139
ROT_20230813,Rotterdam,13/08/2023,Sunday,58.6,62.4,141
GRO_20240229,Groningen,29/02/2024,Thursday,54.1,66.1,149
GRO_20230502,Groningen,02/05/2023,Tuesday,55.4,71.3,152
AMS_20230604,Amsterdam,04/06/2023,Sunday,58.3,75.5,150
AMS_20230803,Amsterdam,03/08/2023,Thursday,62.3,73.2,144
GRO_20230504,Groningen,04/05/2023,Thursday,53,69.6,154
GRO_20230814,Groningen,14/08/2023,Monday,54.3,69.7,152
AMS_20231115,Amsterdam,15/11/2023,Wednesday,57.5,74,151
MAA_20230731,Maastricht,31/07/2023,Monday,56.9,72.8,151
ROT_20230426,Rotterdam,26/04/2023,Wednesday,57.1,65,145
ROT_20240206,Rotterdam,06/02/2024,Tuesday,56.7,58.7,140
UTR_20230802,Utrecht,02/08/2023,Wednesday,72,76.3,132
MAA_20240217,Maastricht,17/02/2024,Saturday,55.1,72.5,154
ROT_20240116,Rotterdam,16/01/2024,Tuesday,55.9,64.5,146
ROT_20230527,Rotterdam,27/05/2023,Saturday,56.1,64.6,146
UTR_20231118,Utrecht,18/11/2023,Saturday,69.1,74.6,134
UTR_20231209,Utrecht,09/12/2023,Saturday,72.4,75.2,130
UTR_20230909,Utrecht,09/09/2023,Saturday,69.5,75.6,134
MAA_20240114,Maastricht,14/01/2024,Sunday,58,72.6,149
ROT_20230417,Rotterdam,17/04/2023,Monday,54.1,65.5,150
GRO_20231122,Groningen,22/11/2023,Wednesday,56.5,67.2,147
ROT_20230731,Rotterdam,31/07/2023,Monday,54.3,63.1,148
GRO_20231006,Groningen,06/10/2023,Friday,55.7,65.6,117
GRO_20230713,Groningen,13/07/2023,Thursday,54.3,69.8,151
ROT_20230725,Rotterdam,25/07/2023,Tuesday,57.3,65.6,145
ROT_20231230,Rotterdam,30/12/2023,Saturday,60.9,60.4,134
MAA_20230817,Maastricht,17/08/2023,Thursday,58.2,73.6,150
MAA_20230717,Maastricht,17/07/2023,Monday,56.5,74.1,153
AMS_20240323,Amsterdam,23/03/2024,Saturday,55.4,76.7,156
MAA_20240325,Maastricht,25/03/2024,Monday,57.3,73.8,151
GRO_20231014,Groningen,14/10/2023,Saturday,51.3,69.3,157
ROT_20240303,Rotterdam,03/03/2024,Sunday,56.3,60.2,141
MAA_20230531,Maastricht,31/05/2023,Wednesday,56.6,73.6,152
UTR_20240311,Utrecht,11/03/2024,Monday,72.1,75.4,131
MAA_20230503,Maastricht,03/05/2023,Wednesday,57.3,72.2,151
UTR_20230823,Utrecht,23/08/2023,Wednesday,73.6,75.3,127
MAA_20230809,Maastricht,09/08/2023,Wednesday,59.9,70.8,144
ROT_20240122,Rotterdam,22/01/2024,Monday,58.1,62.9,142
AMS_20230611,Amsterdam,11/06/2023,Sunday,59.5,73.2,147
ROT_20231018,Rotterdam,18/10/2023,Wednesday,56.2,63.6,145
GRO_20231220,Groningen,20/12/2023,Wednesday,56.4,74.8,154
GRO_20230517,Groningen,17/05/2023,Wednesday,56.6,68.1,147
ROT_20230828,Rotterdam,28/08/2023,Monday,55,60.6,144
ROT_20230530,Rotterdam,30/05/2023,Tuesday,58.1,64.1,142
GRO_20230618,Groningen,18/06/2023,Sunday,51.6,69.5,156
MAA_20230702,Maastricht,02/07/2023,Sunday,55.2,75.1,155
ROT_20240110,Rotterdam,10/01/2024,Wednesday,63,64.3,135
GRO_20240119,Groningen,19/01/2024,Friday,53,72.6,125
UTR_20240127,Utrecht,27/01/2024,Saturday,69.4,75.1,133
MAA_20230804,Maastricht,04/08/2023,Friday,62,73.2,115
MAA_20240331,Maastricht,31/03/2024,Sunday,56.8,71.9,151
AMS_20230415,Amsterdam,15/04/2023,Saturday,55,73.3,154
GRO_20240318,Groningen,18/03/2024,Monday,57.9,70.8,148
AMS_20230828,Amsterdam,28/08/2023,Monday,55.9,74.6,154
MAA_20230424,Maastricht,24/04/2023,Monday,61.3,75,146
MAA_20231016,Maastricht,16/10/2023,Monday,56.4,75.3,153
ROT_20231108,Rotterdam,08/11/2023,Wednesday,57,63.3,143
AMS_20231218,Amsterdam,18/12/2023,Monday,60.2,76.4,149
ROT_20240126,Rotterdam,26/01/2024,Friday,57.1,62.2,113
GRO_20230824,Groningen,24/08/2023,Thursday,55.8,64.8,147
GRO_20230407,Groningen,07/04/2023,Friday,55.3,68.9,120
AMS_20230514,Amsterdam,14/05/2023,Sunday,58.1,72.6,149
GRO_20230929,Groningen,29/09/2023,Friday,57,69.9,119
GRO_20240126,Groningen,26/01/2024,Friday,53.6,69.5,122
ROT_20230922,Rotterdam,22/09/2023,Friday,59.3,62.4,112
GRO_20230922,Groningen,22/09/2023,Friday,54.9,72.5,123
MAA_20230903,Maastricht,03/09/2023,Sunday,53.3,70.2,153
ROT_20231111,Rotterdam,11/11/2023,Saturday,56.6,61.4,142
ROT_20240304,Rotterdam,04/03/2024,Monday,56.3,67,148
AMS_20230528,Amsterdam,28/05/2023,Sunday,58.7,75.3,151
GRO_20230914,Groningen,14/09/2023,Thursday,56.5,70.3,149
GRO_20230830,Groningen,30/08/2023,Wednesday,54.8,70.3,152
ROT_20240321,Rotterdam,21/03/2024,Thursday,58.7,62.1,139
UTR_20240202,Utrecht,02/02/2024,Friday,69.1,75.5,108
AMS_20230426,Amsterdam,26/04/2023,Wednesday,57.4,74.9,151
GRO_20230825,Groningen,25/08/2023,Friday,55.9,70.3,121
GRO_20230708,Groningen,08/07/2023,Saturday,56.8,69.9,148
ROT_20230511,Rotterdam,11/05/2023,Thursday,56.5,62.3,143
MAA_20240129,Maastricht,29/01/2024,Monday,52.2,74.3,159
AMS_20230519,Amsterdam,19/05/2023,Friday,55.5,72.1,122
ROT_20230820,Rotterdam,20/08/2023,Sunday,55.7,60,142
MAA_20231104,Maastricht,04/11/2023,Saturday,57.1,74.2,151
GRO_20231208,Groningen,08/12/2023,Friday,54.6,68.5,120
AMS_20240401,Amsterdam,01/04/2024,Monday,60,68.9,144
ROT_20240220,Rotterdam,20/02/2024,Tuesday,56.7,63.4,143
GRO_20231214,Groningen,14/12/2023,Thursday,51,69.3,157
MAA_20240122,Maastricht,22/01/2024,Monday,58.1,73.1,149
ROT_20230525,Rotterdam,25/05/2023,Thursday,54.9,60.7,145
UTR_20230613,Utrecht,13/06/2023,Tuesday,69.8,78,135
MAA_20240225,Maastricht,25/02/2024,Sunday,54.3,70.7,153
UTR_20230610,Utrecht,10/06/2023,Saturday,70.7,73.1,131
AMS_20230922,Amsterdam,22/09/2023,Friday,56.5,71.1,120
AMS_20230404,Amsterdam,04/04/2023,Tuesday,57.1,75.2,152
UTR_20231208,Utrecht,08/12/2023,Friday,68.8,74.7,107
MAA_20231006,Maastricht,06/10/2023,Friday,59.4,74.5,119
AMS_20230918,Amsterdam,18/09/2023,Monday,57.5,72.9,150
GRO_20231226,Groningen,26/12/2023,Tuesday,54.9,69.6,151
MAA_20231017,Maastricht,17/10/2023,Tuesday,58.2,71.2,147
GRO_20230518,Groningen,18/05/2023,Thursday,54.3,68,151
GRO_20240321,Groningen,21/03/2024,Thursday,57.1,73.9,152
ROT_20230907,Rotterdam,07/09/2023,Thursday,54.7,62.3,146
UTR_20240307,Utrecht,07/03/2024,Thursday,65.9,73.6,139
MAA_20230810,Maastricht,10/08/2023,Thursday,56.7,73.3,151
ROT_20240106,Rotterdam,06/01/2024,Saturday,56,63,144
GRO_20231217,Groningen,17/12/2023,Sunday,51.2,69.1,157
UTR_20240129,Utrecht,29/01/2024,Monday,68.5,77.8,138
MAA_20231026,Maastricht,26/10/2023,Thursday,57.8,75.1,151
AMS_20230620,Amsterdam,20/06/2023,Tuesday,59,76.5,150
AMS_20230515,Amsterdam,15/05/2023,Monday,56.2,77.8,156
GRO_20240209,Groningen,09/02/2024,Friday,51.6,68.2,123
GRO_20240311,Groningen,11/03/2024,Monday,52.1,69.1,155
GRO_20230818,Groningen,18/08/2023,Friday,52.5,71.2,125
AMS_20230617,Amsterdam,17/06/2023,Saturday,56.7,79,156
MAA_20231224,Maastricht,24/12/2023,Sunday,60.1,69.6,144
UTR_20230915,Utrecht,15/09/2023,Friday,73.1,74.1,103
GRO_20230627,Groningen,27/06/2023,Tuesday,53,71.4,156
ROT_20230924,Rotterdam,24/09/2023,Sunday,58.8,61.5,139
MAA_20240128,Maastricht,28/01/2024,Sunday,56,73.3,152
ROT_20240305,Rotterdam,05/03/2024,Tuesday,56.7,61.7,142
UTR_20230921,Utrecht,21/09/2023,Thursday,72.7,74.2,128
ROT_20231109,Rotterdam,09/11/2023,Thursday,60.1,61,137
UTR_20240224,Utrecht,24/02/2024,Saturday,66.2,77.1,139
UTR_20231205,Utrecht,05/12/2023,Tuesday,70.9,78.8,134
ROT_20230510,Rotterdam,10/05/2023,Wednesday,58,63,141
ROT_20231129,Rotterdam,29/11/2023,Wednesday,57.2,64.1,144
UTR_20230818,Utrecht,18/08/2023,Friday,68.2,78.5,111
AMS_20230402,Amsterdam,02/04/2023,Sunday,57.5,77.9,154
AMS_20231012,Amsterdam,12/10/2023,Thursday,58.4,75.2,150
MAA_20240120,Maastricht,20/01/2024,Saturday,52.1,67.9,154
GRO_20240124,Groningen,24/01/2024,Wednesday,53.4,68,152
AMS_20231020,Amsterdam,20/10/2023,Friday,54.4,77.7,127
ROT_20231123,Rotterdam,23/11/2023,Thursday,58.5,61.7,139
GRO_20240130,Groningen,30/01/2024,Tuesday,53.8,70.4,154
MAA_20230807,Maastricht,07/08/2023,Monday,56.4,71.5,151
MAA_20231109,Maastricht,09/11/2023,Thursday,59.9,73.8,147
GRO_20231026,Groningen,26/10/2023,Thursday,58.1,70.8,148
AMS_20230621,Amsterdam,21/06/2023,Wednesday,57.3,73.8,151
UTR_20230924,Utrecht,24/09/2023,Sunday,69.3,76.4,136
MAA_20230822,Maastricht,22/08/2023,Tuesday,55.6,73.7,154
UTR_20230506,Utrecht,06/05/2023,Saturday,71,77,133
ROT_20231116,Rotterdam,16/11/2023,Thursday,56.4,63.6,144
MAA_20230625,Maastricht,25/06/2023,Sunday,57.5,74.8,152
GRO_20230921,Groningen,21/09/2023,Thursday,57.1,69.1,148
ROT_20230515,Rotterdam,15/05/2023,Monday,55.6,63.4,146
AMS_20231014,Amsterdam,14/10/2023,Saturday,58.1,73.8,150
